timestamps,open,high,low,close,volume,amount
2025-01-02 09:30:00,100.0,100.1679,99.8271,99.9677,100462,10044575.26
2025-01-02 09:35:00,99.9677,100.5492,99.8827,100.4344,81433,8159670.35
2025-01-02 09:40:00,100.4344,100.6233,100.2448,100.3976,96813,9721576.47
2025-01-02 09:45:00,100.3976,100.6407,100.1906,100.4278,111719,11218008.07
2025-01-02 09:50:00,100.4278,100.8107,100.1263,100.5375,116077,11663721.75
2025-01-02 09:55:00,100.5375,100.7673,100.4127,100.6068,92467,9299602.23
2025-01-02 10:00:00,100.6068,101.074,100.4843,100.9094,115019,11589092.04
2025-01-02 10:05:00,100.9094,101.367,100.8244,101.2869,91229,9223083.01
2025-01-02 10:10:00,101.2869,101.4262,100.4938,100.6168,85546,8636030.11
2025-01-02 10:15:00,100.6168,100.6949,100.4498,100.527,89882,9039603.18
2025-01-02 10:20:00,100.527,100.7511,100.3965,100.5907,101554,10212150.7
2025-01-02 10:25:00,100.5907,100.9828,100.4358,100.7978,107016,10775896.72
2025-01-02 10:30:00,100.7978,100.9286,100.6088,100.7245,105104,10590400.86
2025-01-02 10:35:00,100.7245,101.3268,100.448,101.0507,98706,9958211.46
2025-01-02 10:40:00,101.0507,101.6705,100.8299,101.3871,84426,8545506.45
2025-01-02 10:45:00,101.3871,102.2284,101.257,102.1027,95744,9741464.33
2025-01-02 10:50:00,102.1027,102.5911,102.0371,102.5101,112686,11528502.46
2025-01-02 10:55:00,102.5101,102.8823,102.3004,102.703,111579,11448735.74
2025-01-02 11:00:00,102.703,103.1729,102.558,103.0314,90007,9258767.69
2025-01-02 11:05:00,103.0314,103.7108,102.9238,103.5793,108037,11160801.94
2025-01-02 11:10:00,103.5793,103.7445,103.3712,103.535,113908,11795985.95
2025-01-02 11:15:00,103.535,103.7694,103.308,103.5319,137638,14250132.57
2025-01-02 11:20:00,103.5319,103.9855,103.382,103.7865,96303,9982689.3
2025-01-02 11:25:00,103.7865,103.9501,103.457,103.6025,109321,11335984.8
2025-01-02 11:30:00,103.6025,104.3355,103.384,104.1502,109040,11326676.43
2025-01-02 11:35:00,104.1502,104.4827,103.9882,104.3152,95143,9917009.17
2025-01-02 11:40:00,104.3152,104.7685,104.0947,104.4764,99816,10420367.4
2025-01-02 11:45:00,104.4764,105.1483,104.2009,104.8161,103987,10881845.95
2025-01-02 11:50:00,104.8161,105.0384,104.5981,104.8498,114801,12034926.61
2025-01-02 11:55:00,104.8498,105.0178,104.7535,104.8937,100485,10538036.54
2025-01-02 12:00:00,104.8937,105.2492,104.7873,105.1513,109970,11549319.16
2025-01-02 12:05:00,105.1513,105.5671,104.9385,105.3839,112189,11809866.85
2025-01-02 12:10:00,105.3839,106.1211,105.3041,106.027,128164,13547635.01
2025-01-02 12:15:00,106.027,106.7115,105.819,106.49,109975,11685779.55
2025-01-02 12:20:00,106.49,107.4457,106.225,107.1992,118594,12671133.53
2025-01-02 12:25:00,107.1992,107.841,107.0437,107.7034,109641,11781069.89
2025-01-02 12:30:00,107.7034,108.0007,107.492,107.7826,111341,11996210.44
2025-01-02 12:35:00,107.7826,107.9505,107.6792,107.8495,139574,15048315.37
2025-01-02 12:40:00,107.8495,108.0782,107.6099,107.7837,113935,12284083.19
2025-01-02 12:45:00,107.7837,108.4776,107.6641,108.3293,109469,11828833.56
2025-01-02 12:50:00,108.3293,109.238,108.1328,108.9953,127923,13900408.21
2025-01-02 12:55:00,108.9953,109.2423,108.6858,108.9412,116242,12666688.16
2025-01-02 13:00:00,108.9412,109.501,108.6659,109.2646,104429,11393503.48
2025-01-02 13:05:00,109.2646,109.6328,109.0843,109.4058,97879,10701619.84
2025-01-02 13:10:00,109.4058,110.2109,109.1838,109.9662,99807,10947429.8
2025-01-02 13:15:00,109.9662,110.4613,109.8948,110.3657,91272,10055063.99
2025-01-02 13:20:00,110.3657,110.6748,110.0954,110.4356,114479,12638555.17
2025-01-02 13:25:00,110.4356,111.0612,110.3332,110.9386,117597,13016469.65
2025-01-02 13:30:00,110.9386,111.6211,110.5924,111.2444,122103,13564607.01
2025-01-02 13:35:00,111.2444,111.732,110.7059,111.2502,125637,13976782.78
2025-01-02 13:40:00,111.2502,112.4238,111.0638,112.2564,120290,13442810.31
2025-01-02 13:45:00,112.2564,113.1029,112.096,112.8817,124095,13969256.3
2025-01-02 13:50:00,112.8817,113.2431,112.2304,112.5303,117450,13237319.26
2025-01-02 13:55:00,112.5303,112.5578,112.4716,112.5045,125972,14174042.48
2025-01-02 14:00:00,112.5045,112.6639,112.223,112.3468,108709,12221679.11
2025-01-02 14:05:00,112.3468,113.5692,112.2224,113.4523,110286,12451238.04
2025-01-02 14:10:00,113.4523,114.4044,113.2228,114.1617,118906,13532334.78
2025-01-02 14:15:00,114.1617,114.5667,113.9737,114.3292,114911,13128058.6
2025-01-02 14:20:00,114.3292,114.4675,114.1357,114.2487,129670,14819842.19
2025-01-02 14:25:00,114.2487,115.2335,114.0384,115.0239,128006,14674132.77
2025-01-02 14:30:00,115.0239,115.2828,114.7187,114.9674,121533,13975768.18
2025-01-02 14:35:00,114.9674,115.3899,114.7928,115.1951,109483,12599439.6
2025-01-02 14:40:00,115.1951,115.5273,115.0687,115.3798,116037,13377606.13
2025-01-02 14:45:00,115.3798,115.6395,115.2923,115.5664,124390,14363693.71
2025-01-02 14:50:00,115.5664,116.3114,115.3724,116.0774,132948,15398290.33
2025-01-02 14:55:00,116.0774,116.3795,115.8706,116.1139,110027,12773657.48
2025-01-02 15:00:00,116.1139,116.7754,116.0139,116.6755,129013,15016427.01
2025-01-02 15:05:00,116.6755,117.3043,116.3693,116.9431,116717,13633629.95
2025-01-02 15:10:00,116.9431,116.988,116.8114,116.8458,119054,13916749.95
2025-01-02 15:15:00,116.8458,117.3985,116.6967,117.2492,113430,13276699.18
2025-01-02 15:20:00,117.2492,117.6596,117.0898,117.5025,114797,13474396.39
2025-01-02 15:25:00,117.5025,118.5225,117.2463,118.1772,105869,12475584.45
2025-01-02 15:30:00,118.1772,118.4779,118.0063,118.2343,117224,13856547.56
2025-01-02 15:35:00,118.2343,118.4369,117.8593,118.0567,130178,15379942.18
2025-01-02 15:40:00,118.0567,118.5186,117.8962,118.3006,129761,15334980.97
2025-01-02 15:45:00,118.3006,118.3629,118.0404,118.102,110349,13043394.85
2025-01-02 15:50:00,118.102,118.7304,117.8908,118.4824,127957,15136311.0
2025-01-02 15:55:00,118.4824,118.8094,118.1423,118.4054,100090,11855046.82
2025-01-02 16:00:00,118.4054,118.9274,118.131,118.6751,121582,14412356.39
2025-01-02 16:05:00,118.6751,118.8933,118.4669,118.7146,110963,13170732.05
2025-01-02 16:10:00,118.7146,119.6179,118.6672,119.5747,115849,13802786.24
2025-01-02 16:15:00,119.5747,119.991,119.3313,119.7817,106116,12699773.69
2025-01-02 16:20:00,119.7817,120.3085,119.7187,120.2512,112303,13478209.83
2025-01-02 16:25:00,120.2512,121.4417,119.8567,121.0899,125227,15111214.02
2025-01-02 16:30:00,121.0899,121.8166,120.7442,121.4438,108089,13107614.42
2025-01-02 16:35:00,121.4438,122.478,121.2676,122.2553,115255,14043768.4
2025-01-02 16:40:00,122.2553,122.6261,121.7319,122.1705,110718,13531164.66
2025-01-02 16:45:00,122.1705,122.9104,122.1461,122.8851,127763,15654516.06
2025-01-02 16:50:00,122.8851,123.478,122.6417,123.2721,122561,15084633.18
2025-01-02 16:55:00,123.2721,124.513,123.0722,124.2933,116574,14429844.69
2025-01-02 17:00:00,124.2933,124.6226,124.144,124.4735,103150,12830148.27
2025-01-02 17:05:00,124.4735,124.8295,124.2997,124.6644,108523,13518595.72
2025-01-02 17:10:00,124.6644,125.8989,124.4449,125.6705,108594,13592437.89
2025-01-02 17:15:00,125.6705,125.8567,125.1723,125.3088,103596,13000225.94
2025-01-02 17:20:00,125.3088,125.5065,125.1732,125.3483,119098,14926374.83
2025-01-02 17:25:00,125.3483,125.5504,124.9042,125.0867,117844,14756126.23
2025-01-02 17:30:00,125.0867,125.354,124.8324,125.0364,91401,11430750.59
2025-01-02 17:35:00,125.0364,125.7615,124.8936,125.6191,92381,11577905.94
2025-01-02 17:40:00,125.6191,125.9908,125.3872,125.6594,107286,13479335.48
2025-01-02 17:45:00,125.6594,126.3113,125.5533,126.1971,102807,12946305.15
2025-01-02 17:50:00,126.1971,126.446,125.9052,126.1382,121825,15370373.6
2025-01-02 17:55:00,126.1382,126.3833,125.7026,125.9369,111725,14081545.61
2025-01-02 18:00:00,125.9369,126.1045,125.697,125.8828,108134,13615136.52
2025-01-02 18:05:00,125.8828,126.1187,125.3433,125.5108,113583,14277021.02
2025-01-02 18:10:00,125.5108,125.9993,125.1445,125.6733,115632,14522456.61
2025-01-02 18:15:00,125.6733,126.1662,125.4777,125.9792,102582,12907504.41
2025-01-02 18:20:00,125.9792,126.2083,125.6211,125.8563,121494,15298251.76
2025-01-02 18:25:00,125.8563,126.2452,125.6448,126.0131,101858,12827458.14
2025-01-02 18:30:00,126.0131,126.9711,125.6053,126.5441,112170,14164667.81
2025-01-02 18:35:00,126.5441,127.0407,126.231,126.7558,97182,12308093.97
2025-01-02 18:40:00,126.7558,126.7567,126.3575,126.3584,122908,15554881.06
2025-01-02 18:45:00,126.3584,126.4787,126.1341,126.2486,95124,12014493.17
2025-01-02 18:50:00,126.2486,126.7113,126.0994,126.5811,103622,13099355.54
2025-01-02 18:55:00,126.5811,126.8051,126.0648,126.2925,110375,13955458.82
2025-01-02 19:00:00,126.2925,126.5654,126.1703,126.4447,102618,12967691.21
2025-01-02 19:05:00,126.4447,126.904,126.2625,126.6917,109729,13888200.99
2025-01-02 19:10:00,126.6917,126.9077,126.4319,126.6079,97446,12341517.31
2025-01-02 19:15:00,126.6079,126.9192,125.8864,126.1877,105484,13332947.82
2025-01-02 19:20:00,126.1877,126.4452,125.8437,126.0779,111280,14036058.15
2025-01-02 19:25:00,126.0779,126.2464,125.7276,125.9099,84272,10617756.44
2025-01-02 19:30:00,125.9099,126.208,125.7056,125.9747,100925,12710727.72
2025-01-02 19:35:00,125.9747,126.2895,125.0381,125.3745,97388,12239198.41
2025-01-02 19:40:00,125.3745,125.566,124.8509,125.0056,101485,12704912.78
2025-01-02 19:45:00,125.0056,125.764,124.6907,125.4599,100675,12607811.18
2025-01-02 19:50:00,125.4599,125.7156,125.133,125.3715,107480,13479684.46
2025-01-02 19:55:00,125.3715,126.1213,125.0649,125.8079,99817,12535990.44
2025-01-02 20:00:00,125.8079,126.6387,125.6176,126.3897,95040,11984429.84
2025-01-02 20:05:00,126.3897,126.6834,126.2314,126.5,101673,12856027.63
2025-01-02 20:10:00,126.5,126.7488,126.3478,126.6072,100327,12696744.23
2025-01-02 20:15:00,126.6072,126.8504,126.2189,126.4544,97376,12321064.64
2025-01-02 20:20:00,126.4544,127.0937,126.2212,126.8654,98601,12488794.23
2025-01-02 20:25:00,126.8654,127.0995,126.2555,126.4421,73612,9323234.22
2025-01-02 20:30:00,126.4421,126.9614,126.2634,126.7268,89539,11334242.23
2025-01-02 20:35:00,126.7268,126.9824,126.1342,126.4105,108390,13718772.01
2025-01-02 20:40:00,126.4105,127.0672,126.0531,126.7336,106796,13517386.39
2025-01-02 20:45:00,126.7336,127.5223,126.5415,127.2517,92890,11796345.56
2025-01-02 20:50:00,127.2517,127.6047,126.7194,127.1353,82042,10435206.48
2025-01-02 20:55:00,127.1353,127.9159,126.7806,127.5648,99302,12646111.32
2025-01-02 21:00:00,127.5648,128.471,127.2031,128.1481,88844,11359275.74
2025-01-02 21:05:00,128.1481,128.5347,127.7957,128.1334,90515,11598657.2
2025-01-02 21:10:00,128.1334,128.4015,127.6623,127.9175,82185,10521767.8
2025-01-02 21:15:00,127.9175,128.8505,127.6238,128.6003,87447,11215855.55
2025-01-02 21:20:00,128.6003,128.7046,128.1457,128.2552,77395,9939666.44
2025-01-02 21:25:00,128.2552,128.8896,127.9235,128.5884,88903,11417083.32
2025-01-02 21:30:00,128.5884,128.7953,128.1031,128.2925,89188,11455349.06
2025-01-02 21:35:00,128.2925,128.6244,127.8733,128.1197,76018,9745971.53
2025-01-02 21:40:00,128.1197,128.6151,127.947,128.4295,82480,10580087.17
2025-01-02 21:45:00,128.4295,128.8332,128.0024,128.3215,91997,11810158.87
2025-01-02 21:50:00,128.3215,128.9809,127.9847,128.593,98679,12676030.66
2025-01-02 21:55:00,128.593,128.8223,128.0663,128.335,89352,11478514.05
2025-01-02 22:00:00,128.335,129.2616,128.0475,128.9557,88418,11374563.06
2025-01-02 22:05:00,128.9557,129.124,128.3526,128.5366,79047,10176994.37
2025-01-02 22:10:00,128.5366,129.1536,128.2578,128.8864,82877,10667219.7
2025-01-02 22:15:00,128.8864,129.5989,128.7745,129.4758,88485,11430586.95
2025-01-02 22:20:00,129.4758,129.7675,129.3161,129.6155,85391,11062031.76
2025-01-02 22:25:00,129.6155,130.3198,129.4055,130.0425,89998,11684351.84
2025-01-02 22:30:00,130.0425,130.2421,129.4423,129.6,87791,11397137.79
2025-01-02 22:35:00,129.6,130.3666,129.4135,130.172,60946,7916032.4
2025-01-02 22:40:00,130.172,130.5831,129.9526,130.3075,85780,11171967.39
2025-01-02 22:45:00,130.3075,131.0584,130.0171,130.7105,85663,11179792.88
2025-01-02 22:50:00,130.7105,131.5689,130.4834,131.3513,97092,12722051.32
2025-01-02 22:55:00,131.3513,132.1186,131.3019,132.0682,85134,11212978.39
2025-01-02 23:00:00,132.0682,132.325,131.67,131.8731,104116,13740258.51
2025-01-02 23:05:00,131.8731,132.4215,131.8123,132.3537,85866,11344050.95
2025-01-02 23:10:00,132.3537,133.3276,132.138,133.0292,90123,11958554.29
2025-01-02 23:15:00,133.0292,133.7731,132.9224,133.6318,110138,14684753.61
2025-01-02 23:20:00,133.6318,134.0153,133.5076,133.9018,84437,11294864.27
2025-01-02 23:25:00,133.9018,134.7283,133.7385,134.5831,85514,11479607.37
2025-01-02 23:30:00,134.5831,135.3809,134.3434,135.1427,70905,9562451.85
2025-01-02 23:35:00,135.1427,135.447,134.7491,134.994,80109,10820188.15
2025-01-02 23:40:00,134.994,135.3252,134.8395,135.1287,82477,11139455.43
2025-01-02 23:45:00,135.1287,135.5235,135.0253,135.4009,85391,11550398.73
2025-01-02 23:50:00,135.4009,136.129,134.9896,135.7368,68352,9266404.07
2025-01-02 23:55:00,135.7368,136.5704,135.339,136.1763,74042,10066495.89
2025-01-03 00:00:00,136.1763,136.2331,135.9363,135.9881,68676,9345579.47
2025-01-03 00:05:00,135.9881,136.5192,135.698,136.1246,71845,9774965.36
2025-01-03 00:10:00,136.1246,136.9015,135.7855,136.5848,74134,10108519.42
2025-01-03 00:15:00,136.5848,137.1052,136.2179,136.7552,90420,12357703.45
2025-01-03 00:20:00,136.7552,137.6953,136.5598,137.4878,82862,11362163.31
2025-01-03 00:25:00,137.4878,138.0305,137.3474,137.8598,83793,11536102.23
2025-01-03 00:30:00,137.8598,139.4002,137.4327,139.0149,60736,8408130.87
2025-01-03 00:35:00,139.0149,139.4105,138.5859,138.9159,80278,11155862.63
2025-01-03 00:40:00,138.9159,140.1836,138.6438,139.8907,68614,9565016.37
2025-01-03 00:45:00,139.8907,140.1967,139.2208,139.5314,91021,12716638.34
2025-01-03 00:50:00,139.5314,139.9709,139.3099,139.7171,73413,10250235.96
2025-01-03 00:55:00,139.7171,140.8932,139.3965,140.585,73792,10342026.62
2025-01-03 01:00:00,140.585,141.2149,140.0499,140.731,70608,9931578.87
2025-01-03 01:05:00,140.731,141.1941,140.4715,140.9747,87321,12299413.2
2025-01-03 01:10:00,140.9747,141.2957,140.5851,140.9683,73830,10407927.3
2025-01-03 01:15:00,140.9683,141.1677,140.7703,140.9459,83009,11700707.5
2025-01-03 01:20:00,140.9459,141.4802,140.8211,141.3643,83281,11755537.53
2025-01-03 01:25:00,141.3643,142.5976,140.9972,142.2455,75793,10747820.49
2025-01-03 01:30:00,142.2455,143.8752,141.8025,143.4304,80424,11487600.64
2025-01-03 01:35:00,143.4304,144.2228,143.3279,144.0848,76531,11001913.43
2025-01-03 01:40:00,144.0848,145.652,143.8535,145.4012,92748,13424625.02
2025-01-03 01:45:00,145.4012,146.4543,145.3057,146.3535,80383,11726059.43
2025-01-03 01:50:00,146.3535,147.1385,145.8111,146.6817,80764,11833348.61
2025-01-03 01:55:00,146.6817,147.741,146.5944,147.6489,93979,13830450.82
2025-01-03 02:00:00,147.6489,148.8281,147.5452,148.7034,82823,12272395.53
2025-01-03 02:05:00,148.7034,149.1292,148.2802,148.7479,76315,11350000.38
2025-01-03 02:10:00,148.7479,149.4966,148.3967,149.1421,91177,13580359.31
2025-01-03 02:15:00,149.1421,149.9562,148.8404,149.6095,89869,13424250.65
2025-01-03 02:20:00,149.6095,149.8367,149.3772,149.588,78479,11740358.27
2025-01-03 02:25:00,149.588,150.5362,149.4042,150.3101,70080,10508428.33
2025-01-03 02:30:00,150.3101,151.0538,150.0532,150.8135,76771,11558778.97
2025-01-03 02:35:00,150.8135,150.9674,150.3893,150.5599,90229,13596308.27
2025-01-03 02:40:00,150.5599,151.7958,150.3758,151.5379,69676,10524483.31
2025-01-03 02:45:00,151.5379,152.4451,151.1512,152.0234,68509,10398343.39
2025-01-03 02:50:00,152.0234,152.3107,151.7533,152.0561,71015,10797102.72
2025-01-03 02:55:00,152.0561,153.2302,151.6516,152.8869,90672,13824894.88
2025-01-03 03:00:00,152.8869,153.4565,152.4618,153.0413,93043,14232237.66
2025-01-03 03:05:00,153.0413,153.3832,152.5783,152.8714,75970,11620093.94
2025-01-03 03:10:00,152.8714,153.331,152.7601,153.2328,86321,13211611.47
2025-01-03 03:15:00,153.2328,153.8846,153.0989,153.7725,68392,10498351.34
2025-01-03 03:20:00,153.7725,154.4305,153.6511,154.268,71347,10988882.49
2025-01-03 03:25:00,154.268,154.3898,153.9805,154.1207,88608,13662853.37
2025-01-03 03:30:00,154.1207,155.6975,153.8394,155.3626,80524,12460415.3
2025-01-03 03:35:00,155.3626,156.1846,155.2071,156.0421,82117,12785810.28
2025-01-03 03:40:00,156.0421,156.9557,155.6791,156.6347,79800,12475807.03
2025-01-03 03:45:00,156.6347,157.2539,156.324,156.9193,82380,12915292.12
2025-01-03 03:50:00,156.9193,157.7843,156.6609,157.4163,91817,14430677.77
2025-01-03 03:55:00,157.4163,157.6713,156.7932,157.0275,80881,12716263.29
2025-01-03 04:00:00,157.0275,157.6003,156.6162,157.1965,79883,12550577.28
2025-01-03 04:05:00,157.1965,158.1718,156.9071,157.8461,81336,12812155.32
2025-01-03 04:10:00,157.8461,158.3106,157.5576,158.0175,61470,9708070.42
2025-01-03 04:15:00,158.0175,158.2163,157.6757,157.8801,110850,17508627.75
2025-01-03 04:20:00,157.8801,158.705,157.4366,158.2787,87253,13792902.08
2025-01-03 04:25:00,158.2787,158.804,158.0678,158.6206,81177,12862466.3
2025-01-03 04:30:00,158.6206,159.3995,158.1396,158.9193,80410,12766692.36
2025-01-03 04:35:00,158.9193,160.0651,158.7447,159.8994,79139,12615498.63
2025-01-03 04:40:00,159.8994,160.016,159.7899,159.908,99509,15911856.33
2025-01-03 04:45:00,159.908,160.248,159.6663,160.0037,98287,15721577.3
2025-01-03 04:50:00,160.0037,160.6799,159.8006,160.4396,89548,14347528.09
2025-01-03 04:55:00,160.4396,160.9957,159.9853,160.6122,98310,15781301.01
2025-01-03 05:00:00,160.6122,160.8534,159.8126,160.0807,89708,14384357.57
2025-01-03 05:05:00,160.0807,161.4391,159.988,161.3521,92711,14900176.78
2025-01-03 05:10:00,161.3521,162.0036,160.9529,161.6651,106135,17141711.92
2025-01-03 05:15:00,161.6651,163.4116,161.1809,163.0014,80567,13078699.5
2025-01-03 05:20:00,163.0014,164.4804,162.7795,164.2272,92494,15133341.34
2025-01-03 05:25:00,164.2272,164.7381,164.0487,164.5654,90282,14842029.73
2025-01-03 05:30:00,164.5654,164.8447,164.3861,164.6833,96980,15965268.03
2025-01-03 05:35:00,164.6833,165.2968,164.3417,164.9972,95419,15728888.19
2025-01-03 05:40:00,164.9972,165.1976,164.2699,164.4319,109306,18004285.19
2025-01-03 05:45:00,164.4319,165.5178,164.0899,165.138,90164,14857668.95
2025-01-03 05:50:00,165.138,166.733,164.7014,166.2173,90655,15019508.42
2025-01-03 05:55:00,166.2173,166.9318,165.8958,166.5841,92002,15309199.33
2025-01-03 06:00:00,166.5841,166.7152,166.4088,166.5625,82661,13769118.71
2025-01-03 06:05:00,166.5625,167.6413,166.2868,167.2718,103747,17317156.77
2025-01-03 06:10:00,167.2718,167.5809,166.7557,167.1188,104981,17552328.39
2025-01-03 06:15:00,167.1188,167.5562,167.0828,167.5242,104640,17508522.0
2025-01-03 06:20:00,167.5242,168.8137,167.1297,168.4057,105803,17771200.33
2025-01-03 06:25:00,168.4057,168.8781,168.2217,168.636,101339,17077735.87
2025-01-03 06:30:00,168.636,169.4145,168.4324,169.2164,90667,15316031.6
2025-01-03 06:35:00,169.2164,169.7274,168.5689,168.9882,100869,17057181.7
2025-01-03 06:40:00,168.9882,170.0869,168.6852,169.6726,99784,16896464.48
2025-01-03 06:45:00,169.6726,170.0289,169.2861,169.5939,117405,19915792.63
2025-01-03 06:50:00,169.5939,170.9486,169.2367,170.4368,103266,17556804.8
2025-01-03 06:55:00,170.4368,170.8169,170.1464,170.448,105527,17986273.47
2025-01-03 07:00:00,170.448,170.8794,170.2473,170.5955,102638,17502011.69
2025-01-03 07:05:00,170.5955,170.8695,170.2477,170.4466,106413,18145653.94
2025-01-03 07:10:00,170.4466,170.7561,170.2736,170.5948,86430,14738102.3
2025-01-03 07:15:00,170.5948,171.1336,170.3569,170.8833,101951,17407015.62
2025-01-03 07:20:00,170.8833,171.4655,170.5606,171.1694,110073,18825383.8
2025-01-03 07:25:00,171.1694,171.1792,170.8692,170.8764,109226,18680148.42
2025-01-03 07:30:00,170.8764,171.1999,170.1837,170.5205,83907,14322794.32
2025-01-03 07:35:00,170.5205,171.0465,170.1682,170.6954,105679,18029676.23
2025-01-03 07:40:00,170.6954,171.4905,170.344,171.1439,96838,16551517.15
2025-01-03 07:45:00,171.1439,171.5992,170.6789,171.1008,104500,17882286.56
2025-01-03 07:50:00,171.1008,171.3751,170.7104,170.9985,113146,19353586.36
2025-01-03 07:55:00,170.9985,171.3291,170.2345,170.5006,91421,15610098.32
2025-01-03 08:00:00,170.5006,170.8333,169.927,170.2158,97162,16552342.8
2025-01-03 08:05:00,170.2158,170.7986,169.7921,170.3879,111841,19046725.25
2025-01-03 08:10:00,170.3879,170.7433,169.7986,170.211,122397,20844141.68
2025-01-03 08:15:00,170.211,170.9346,169.8355,170.5827,109524,18662544.21
2025-01-03 08:20:00,170.5827,170.9696,170.4177,170.8032,100210,17105140.49
2025-01-03 08:25:00,170.8032,171.191,170.2189,170.6189,113882,19440916.24
2025-01-03 08:30:00,170.6189,170.6856,170.514,170.5848,120362,20533977.5
2025-01-03 08:35:00,170.5848,170.7983,170.2366,170.4086,118266,20163962.5
2025-01-03 08:40:00,170.4086,170.6445,169.9818,170.1595,113991,19410848.19
2025-01-03 08:45:00,170.1595,170.4781,169.3588,169.7094,97760,16612792.21
2025-01-03 08:50:00,169.7094,170.3883,169.6657,170.3488,100063,17013621.4
2025-01-03 08:55:00,170.3488,170.926,169.1616,169.803,113561,19313986.91
2025-01-03 09:00:00,169.803,170.1832,169.2615,169.6608,107518,18249236.9
2025-01-03 09:05:00,169.6608,170.4895,169.125,169.9435,111506,18933960.44
2025-01-03 09:10:00,169.9435,170.2878,169.248,169.5973,125748,21348285.65
2025-01-03 09:15:00,169.5973,169.9366,169.3081,169.6044,120592,20452502.02
2025-01-03 09:20:00,169.6044,170.048,168.449,168.9299,108265,18325708.78
2025-01-03 09:25:00,168.9299,169.2995,168.3111,168.6834,113717,19196187.66
2025-01-03 09:30:00,168.6834,168.9034,168.1093,168.3357,102603,17289587.14
2025-01-03 09:35:00,168.3357,168.6101,167.9897,168.1972,127489,21452125.4
2025-01-03 09:40:00,168.1972,168.5409,167.2995,167.6555,99513,16710856.08
2025-01-03 09:45:00,167.6555,168.0702,167.0968,167.511,115607,19373796.12
2025-01-03 09:50:00,167.511,168.0024,167.2642,167.6958,117806,19744683.71
2025-01-03 09:55:00,167.6958,168.0435,167.3791,167.7485,114528,19208878.8
2025-01-03 10:00:00,167.7485,168.153,167.2999,167.7253,96724,16224181.38
2025-01-03 10:05:00,167.7253,168.0429,167.1269,167.4855,110708,18555259.29
2025-01-03 10:10:00,167.4855,167.793,166.971,167.3275,121809,20391621.87
2025-01-03 10:15:00,167.3275,167.4638,166.4832,166.6065,108071,18044292.72
2025-01-03 10:20:00,166.6065,166.9223,166.1465,166.4185,118508,19733062.44
2025-01-03 10:25:00,166.4185,166.847,165.2215,165.5387,97132,16121831.49
2025-01-03 10:30:00,165.5387,165.7649,165.2356,165.4605,105952,17535010.45
2025-01-03 10:35:00,165.4605,165.7193,164.8888,165.1126,122651,20272560.02
2025-01-03 10:40:00,165.1126,165.5301,164.785,165.101,95644,15791476.34
2025-01-03 10:45:00,165.101,165.2893,164.5406,164.749,127076,20958010.96
2025-01-03 10:50:00,164.749,164.9679,164.4207,164.5897,119398,19661193.93
2025-01-03 10:55:00,164.5897,165.1906,164.3476,164.883,102417,16871804.34
2025-01-03 11:00:00,164.883,165.0464,164.4805,164.6563,116236,19152167.43
2025-01-03 11:05:00,164.6563,165.0848,163.4125,163.8463,110389,18131540.59
2025-01-03 11:10:00,163.8463,163.9797,162.7516,162.886,117760,19237998.82
2025-01-03 11:15:00,162.886,163.0886,162.544,162.7135,118565,19302350.13
2025-01-03 11:20:00,162.7135,163.2475,162.4229,162.9074,112961,18391229.48
2025-01-03 11:25:00,162.9074,163.223,162.2791,162.6358,112811,18362424.33
2025-01-03 11:30:00,162.6358,162.8709,162.475,162.7022,104844,17054867.26
2025-01-03 11:35:00,162.7022,163.058,162.1855,162.5142,97505,15855112.63
2025-01-03 11:40:00,162.5142,162.653,162.3134,162.4328,110913,18020424.5
2025-01-03 11:45:00,162.4328,162.7744,161.7552,162.1471,117590,19083677.85
2025-01-03 11:50:00,162.1471,162.5886,161.0045,161.423,119156,19277659.11
2025-01-03 11:55:00,161.423,161.6011,161.2277,161.399,119645,19312016.03
2025-01-03 12:00:00,161.399,161.7812,160.9884,161.3098,109044,17594727.0
2025-01-03 12:05:00,161.3098,161.4374,161.0758,161.2064,106704,17206881.87
2025-01-03 12:10:00,161.2064,161.5168,160.7424,161.0647,112734,18165453.3
2025-01-03 12:15:00,161.0647,161.6007,160.8897,161.4464,99430,16033637.41
2025-01-03 12:20:00,161.4464,161.8663,160.4998,160.8222,101816,16406048.32
2025-01-03 12:25:00,160.8222,161.7093,160.5691,161.4545,107050,17249862.98
2025-01-03 12:30:00,161.4545,161.7453,161.2292,161.4915,119724,19332198.53
2025-01-03 12:35:00,161.4915,161.68,160.1699,160.37,100515,16175957.85
2025-01-03 12:40:00,160.37,160.5326,159.6702,159.8359,107655,17235884.8
2025-01-03 12:45:00,159.8359,160.0778,159.523,159.718,119393,19076251.37
2025-01-03 12:50:00,159.718,160.141,159.5181,159.8949,117274,18741143.69
2025-01-03 12:55:00,159.8949,160.2116,159.3787,159.7221,111329,17791319.28
2025-01-03 13:00:00,159.7221,159.9769,159.6588,159.8888,106649,17043089.6
2025-01-03 13:05:00,159.8888,160.6008,159.6062,160.2382,120846,19343035.68
2025-01-03 13:10:00,160.2382,160.435,160.1052,160.3145,119126,19093085.06
2025-01-03 13:15:00,160.3145,160.5787,160.1952,160.4329,121221,19440660.55
2025-01-03 13:20:00,160.4329,160.7532,159.4511,159.7939,103276,16535868.24
2025-01-03 13:25:00,159.7939,160.0073,159.4807,159.68,128849,20581945.57
2025-01-03 13:30:00,159.68,159.8753,159.3853,159.6144,123351,19692644.28
2025-01-03 13:35:00,159.6144,159.88,159.0312,159.2866,121796,19420434.68
2025-01-03 13:40:00,159.2866,160.0602,159.0186,159.8159,117300,18715363.52
2025-01-03 13:45:00,159.8159,159.9597,159.6645,159.8051,98434,15730786.36
2025-01-03 13:50:00,159.8051,160.6503,159.335,160.2315,109034,17447434.8
2025-01-03 13:55:00,160.2315,160.9682,160.0353,160.7137,131438,21092201.4
2025-01-03 14:00:00,160.7137,161.1072,159.135,159.4517,103856,16625548.22
2025-01-03 14:05:00,159.4517,159.7751,159.0205,159.3279,112017,17854364.08
2025-01-03 14:10:00,159.3279,159.9732,158.6408,159.2131,131695,20975127.51
2025-01-03 14:15:00,159.2131,159.5855,158.7493,159.1571,99863,15896704.23
2025-01-03 14:20:00,159.1571,159.5195,158.76,159.1633,108956,17341459.48
2025-01-03 14:25:00,159.1633,159.4162,158.5303,158.7076,100827,16024980.95
2025-01-03 14:30:00,158.7076,159.115,158.3427,158.7884,96102,15255996.31
2025-01-03 14:35:00,158.7884,159.021,158.1625,158.3584,108834,17258174.54
2025-01-03 14:40:00,158.3584,158.6763,157.8186,158.1075,111954,17714810.94
2025-01-03 14:45:00,158.1075,158.5763,156.9698,157.4359,121422,19156955.31
2025-01-03 14:50:00,157.4359,158.0675,157.192,157.7698,114437,18035595.7
2025-01-03 14:55:00,157.7698,158.1713,157.5677,157.9486,103750,16377888.78
2025-01-03 15:00:00,157.9486,158.1927,157.3809,157.6703,117804,18590580.08
2025-01-03 15:05:00,157.6703,157.7619,157.6261,157.7168,106169,16742161.4
2025-01-03 15:10:00,157.7168,158.0797,156.7942,157.1623,113853,17924960.4
2025-01-03 15:15:00,157.1623,157.6381,156.5442,156.9588,108242,17000544.68
2025-01-03 15:20:00,156.9588,157.0876,156.5956,156.7353,105476,16543598.04
2025-01-03 15:25:00,156.7353,157.15,155.7338,156.1912,108935,17044324.67
2025-01-03 15:30:00,156.1912,156.8421,155.7712,156.391,101138,15806971.75
2025-01-03 15:35:00,156.391,156.6874,155.3479,155.6689,101995,15914277.15
2025-01-03 15:40:00,155.6689,155.973,154.9666,155.1854,105411,16383732.79
2025-01-03 15:45:00,155.1854,155.5842,154.7029,155.1792,99764,15481609.83
2025-01-03 15:50:00,155.1792,155.4364,154.4616,154.7377,106802,16549873.44
2025-01-03 15:55:00,154.7377,155.3224,154.4603,155.0015,85615,13259159.18
2025-01-03 16:00:00,155.0015,155.5384,154.5982,155.1857,102081,15832107.56
2025-01-03 16:05:00,155.1857,155.2432,154.1047,154.1589,118317,18300360.88
2025-01-03 16:10:00,154.1589,154.4402,152.8101,153.0782,106593,16374660.06
2025-01-03 16:15:00,153.0782,153.4817,151.8819,152.3281,107388,16398486.59
2025-01-03 16:20:00,152.3281,152.5759,151.6955,151.8783,97041,14760250.63
2025-01-03 16:25:00,151.8783,152.0622,151.2936,151.4851,94985,14407490.24
2025-01-03 16:30:00,151.4851,151.7829,150.9928,151.3304,81059,12272963.37
2025-01-03 16:35:00,151.3304,152.6845,151.0641,152.4559,124672,18936826.97
2025-01-03 16:40:00,152.4559,153.2694,152.1531,152.9248,103628,15823000.45
2025-01-03 16:45:00,152.9248,153.2569,151.9108,152.2426,97435,14866995.54
2025-01-03 16:50:00,152.2426,152.4888,152.0187,152.1993,99978,15218744.72
2025-01-03 16:55:00,152.1993,152.371,151.5648,151.7365,105816,16080634.01
2025-01-03 17:00:00,151.7365,151.776,151.1962,151.231,98511,14922817.98
2025-01-03 17:05:00,151.231,151.3984,150.4531,150.6239,95427,14402557.54
2025-01-03 17:10:00,150.6239,150.9468,150.2268,150.5715,87743,13213895.44
2025-01-03 17:15:00,150.5715,150.7665,150.3616,150.5235,93549,14083565.16
2025-01-03 17:20:00,150.5235,150.9114,148.8183,149.1422,104806,15703378.0
2025-01-03 17:25:00,149.1422,149.5573,148.4693,148.853,107578,16028860.82
2025-01-03 17:30:00,148.853,149.3736,148.7037,149.1725,87647,13060518.53
2025-01-03 17:35:00,149.1725,149.4001,148.2292,148.3951,101953,15168951.81
2025-01-03 17:40:00,148.3951,148.6049,147.2739,147.5087,89082,13179848.91
2025-01-03 17:45:00,147.5087,147.6552,146.4107,146.5497,81370,11963765.73
2025-01-03 17:50:00,146.5497,147.0206,146.3102,146.7091,93629,13728761.66
2025-01-03 17:55:00,146.7091,146.8802,146.3898,146.5782,89801,13168745.47
2025-01-03 18:00:00,146.5782,146.7971,145.8421,146.0041,79300,11600890.15
2025-01-03 18:05:00,146.0041,147.7113,145.7454,147.4703,81041,11891732.12
2025-01-03 18:10:00,147.4703,147.7319,147.1984,147.5026,85242,12572042.77
2025-01-03 18:15:00,147.5026,147.7278,146.8545,147.1102,83499,12299938.7
2025-01-03 18:20:00,147.1102,147.3008,147.0151,147.1804,99941,14705850.3
2025-01-03 18:25:00,147.1804,147.4748,146.8217,147.0459,88550,13026868.84
2025-01-03 18:30:00,147.0459,147.4591,146.7743,147.1436,87667,12895352.9
2025-01-03 18:35:00,147.1436,147.6122,146.2061,146.7308,82434,12112620.46
2025-01-03 18:40:00,146.7308,147.1408,146.2816,146.6814,94374,13845240.0
2025-01-03 18:45:00,146.6814,147.0244,146.5674,146.8788,86367,12676957.13
2025-01-03 18:50:00,146.8788,147.2923,146.6287,147.049,85956,12632430.98
2025-01-03 18:55:00,147.049,147.3865,146.0684,146.4424,78147,11467735.82
2025-01-03 19:00:00,146.4424,146.7771,146.1677,146.5079,75894,11116583.17
2025-01-03 19:05:00,146.5079,146.7829,145.891,146.1708,77813,11387101.35
2025-01-03 19:10:00,146.1708,146.4357,145.3088,145.5316,96704,14104392.92
2025-01-03 19:15:00,145.5316,145.8457,145.0717,145.3379,73520,10692362.95
2025-01-03 19:20:00,145.3379,145.672,145.0827,145.3945,80010,11630750.23
2025-01-03 19:25:00,145.3945,145.5872,145.1417,145.3457,80887,11758552.61
2025-01-03 19:30:00,145.3457,145.4063,145.1134,145.1852,91299,13262593.16
2025-01-03 19:35:00,145.1852,145.5657,145.0183,145.3866,82103,11928411.24
2025-01-03 19:40:00,145.3866,145.7247,145.0101,145.2629,82560,11998013.1
2025-01-03 19:45:00,145.2629,145.7599,145.0319,145.5555,79965,11627647.64
2025-01-03 19:50:00,145.5555,145.9886,145.2208,145.6499,78317,11403166.35
2025-01-03 19:55:00,145.6499,146.3226,145.5174,146.1826,84015,12259150.99
2025-01-03 20:00:00,146.1826,146.4664,145.7056,146.0381,60160,8789996.32
2025-01-03 20:05:00,146.0381,146.3216,145.6776,145.883,91552,13362979.76
2025-01-03 20:10:00,145.883,146.1524,144.6389,144.9138,72125,10486859.79
2025-01-03 20:15:00,144.9138,145.2364,144.508,144.8761,75021,10870162.58
2025-01-03 20:20:00,144.8761,144.9663,144.5628,144.6423,73124,10585371.96
2025-01-03 20:25:00,144.6423,145.1115,144.4182,144.807,93125,13477483.55
2025-01-03 20:30:00,144.807,145.063,143.7538,143.9676,95727,13821762.34
2025-01-03 20:35:00,143.9676,144.4278,143.3574,143.7696,98564,14180262.64
2025-01-03 20:40:00,143.7696,143.9404,143.5086,143.7083,81944,11778543.35
2025-01-03 20:45:00,143.7083,143.8487,143.1687,143.2699,80961,11617021.46
2025-01-03 20:50:00,143.2699,143.6544,142.9642,143.3279,69548,9966152.11
2025-01-03 20:55:00,143.3279,143.4969,143.1193,143.2893,80441,11527888.7
2025-01-03 21:00:00,143.2893,144.2584,142.7339,143.7375,78582,11277571.39
2025-01-03 21:05:00,143.7375,144.2016,143.4029,143.8839,71136,10230118.94
2025-01-03 21:10:00,143.8839,144.3192,143.0634,143.4471,69191,9940360.93
2025-01-03 21:15:00,143.4471,143.5503,142.1258,142.2346,72589,10368673.24
2025-01-03 21:20:00,142.2346,142.4692,141.7578,141.9773,95934,13632791.73
2025-01-03 21:25:00,141.9773,142.2542,141.312,141.605,68779,9752253.14
2025-01-03 21:30:00,141.605,141.8295,140.9311,141.1581,67738,9576902.71
2025-01-03 21:35:00,141.1581,141.5016,140.1512,140.3958,91150,12831818.03
2025-01-03 21:40:00,140.3958,140.6333,140.1561,140.3245,78181,10973497.16
2025-01-03 21:45:00,140.3245,140.5403,140.0386,140.2731,71518,10033891.55
2025-01-03 21:50:00,140.2731,140.8641,140.1054,140.7066,84617,11887829.66
2025-01-03 21:55:00,140.7066,140.983,140.2283,140.5129,87740,12337099.41
2025-01-03 22:00:00,140.5129,140.7522,139.7052,139.8926,87033,12202265.89
2025-01-03 22:05:00,139.8926,140.0418,139.2568,139.4145,92274,12886392.64
2025-01-03 22:10:00,139.4145,139.5479,138.6113,138.7447,82403,11460579.11
2025-01-03 22:15:00,138.7447,138.9297,138.4953,138.7147,77715,10781379.57
2025-01-03 22:20:00,138.7147,139.041,138.0476,138.3091,77833,10780794.7
2025-01-03 22:25:00,138.3091,138.4268,137.5378,137.6664,97111,13400128.37
2025-01-03 22:30:00,137.6664,137.9628,137.0066,137.3136,61761,8491519.65
2025-01-03 22:35:00,137.3136,138.0691,136.9314,137.7213,59802,8223817.79
2025-01-03 22:40:00,137.7213,138.0461,136.9601,137.3023,74677,10268970.01
2025-01-03 22:45:00,137.3023,137.545,137.1041,137.2985,90559,12433789.12
2025-01-03 22:50:00,137.2985,137.492,135.8771,136.0781,88471,12092951.18
2025-01-03 22:55:00,136.0781,136.306,135.8874,136.1217,76991,10478466.8
2025-01-03 23:00:00,136.1217,136.3404,135.0673,135.2251,68342,9272190.81
2025-01-03 23:05:00,135.2251,135.5996,134.906,135.169,89820,12143398.66
2025-01-03 23:10:00,135.169,135.3446,133.8098,133.9671,97784,13158600.85
2025-01-03 23:15:00,133.9671,134.1463,133.0731,133.2839,81815,10932568.14
2025-01-03 23:20:00,133.2839,133.645,132.2548,132.6696,91069,12110057.61
2025-01-03 23:25:00,132.6696,132.7632,132.433,132.5422,78120,10359172.09
2025-01-03 23:30:00,132.5422,132.7509,132.1097,132.3476,90537,11991162.54
2025-01-03 23:35:00,132.3476,133.0265,132.0335,132.6943,81473,10796876.28
2025-01-03 23:40:00,132.6943,133.3146,132.5237,133.1674,82704,10993913.02
2025-01-03 23:45:00,133.1674,133.3667,132.4854,132.722,80253,10669212.98
2025-01-03 23:50:00,132.722,133.2337,131.5731,132.0678,60998,8075823.38
2025-01-03 23:55:00,132.0678,132.3671,131.4471,131.6848,74323,9801441.49
2025-01-04 00:00:00,131.6848,131.9575,131.1789,131.4319,82432,10844619.03
2025-01-04 00:05:00,131.4319,131.6548,131.0256,131.2446,67075,8809512.84
2025-01-04 00:10:00,131.2446,131.4238,130.6266,130.8282,96641,12663486.31
2025-01-04 00:15:00,130.8282,131.0248,129.783,129.9852,83081,10834317.68
2025-01-04 00:20:00,129.9852,130.2651,129.3942,129.6348,83804,10878595.87
2025-01-04 00:25:00,129.6348,129.8819,129.1939,129.4844,99002,12826660.3
2025-01-04 00:30:00,129.4844,129.8551,128.6028,128.8631,76418,9871202.38
2025-01-04 00:35:00,128.8631,129.1369,127.7393,127.9714,86297,11082023.59
2025-01-04 00:40:00,127.9714,128.261,126.8548,127.1851,82649,10544215.24
2025-01-04 00:45:00,127.1851,127.5607,126.1392,126.4557,98674,12513878.06
2025-01-04 00:50:00,126.4557,126.6423,125.6916,125.8339,94052,11864172.74
2025-01-04 00:55:00,125.8339,126.0343,125.6833,125.8796,80090,10079868.84
2025-01-04 01:00:00,125.8796,126.1261,124.7607,125.0134,87518,10978826.23
2025-01-04 01:05:00,125.0134,125.2437,124.6677,124.8381,68242,8525182.38
2025-01-04 01:10:00,124.8381,125.1076,123.6911,123.8887,83917,10436204.19
2025-01-04 01:15:00,123.8887,124.0134,123.2859,123.4084,84080,10396370.6
2025-01-04 01:20:00,123.4084,123.6928,122.8868,123.1593,92140,11359375.21
2025-01-04 01:25:00,123.1593,123.3484,122.7055,122.8857,86003,10580304.33
2025-01-04 01:30:00,122.8857,123.0187,122.4665,122.5935,85351,10475945.2
2025-01-04 01:35:00,122.5935,122.6628,122.1247,122.1981,92546,11327242.18
2025-01-04 01:40:00,122.1981,122.5139,120.9369,121.2731,86697,10554111.24
2025-01-04 01:45:00,121.2731,121.4741,120.5637,120.8035,92214,11161421.72
2025-01-04 01:50:00,120.8035,121.0081,120.2646,120.5029,98952,11938870.77
2025-01-04 01:55:00,120.5029,120.7368,119.8786,120.1561,75084,9034817.6
2025-01-04 02:00:00,120.1561,120.3027,119.3555,119.53,77284,9261947.83
2025-01-04 02:05:00,119.53,119.8595,119.2354,119.5766,86304,10317925.9
2025-01-04 02:10:00,119.5766,119.7032,118.8219,118.9513,88299,10530886.51
2025-01-04 02:15:00,118.9513,119.066,118.5989,118.7207,89412,10625364.42
2025-01-04 02:20:00,118.7207,118.9412,118.1715,118.3278,88370,10473990.53
2025-01-04 02:25:00,118.3278,118.5226,118.2001,118.4076,89772,10626109.21
2025-01-04 02:30:00,118.4076,118.6972,117.7805,118.0223,106619,12603963.03
2025-01-04 02:35:00,118.0223,118.3489,117.138,117.4336,104368,12287030.13
2025-01-04 02:40:00,117.4336,117.4753,117.0933,117.1228,95266,11172622.79
2025-01-04 02:45:00,117.1228,117.4418,116.559,116.8939,97119,11363732.2
2025-01-04 02:50:00,116.8939,117.2884,116.6678,117.0372,95637,11186233.83
2025-01-04 02:55:00,117.0372,117.2662,116.6825,116.9002,93146,10895166.15
2025-01-04 03:00:00,116.9002,117.2566,116.0149,116.3931,90813,10593031.35
2025-01-04 03:05:00,116.3931,116.615,116.2433,116.4389,89362,10403167.01
2025-01-04 03:10:00,116.4389,116.7423,116.1424,116.3882,95810,11153583.66
2025-01-04 03:15:00,116.3882,116.7567,115.7302,116.1552,91368,10623512.67
2025-01-04 03:20:00,116.1552,116.3032,115.4378,115.5774,118831,13768509.2
2025-01-04 03:25:00,115.5774,115.7181,114.9944,115.1148,84246,9717449.62
2025-01-04 03:30:00,115.1148,115.345,114.431,114.6347,98888,11359733.37
2025-01-04 03:35:00,114.6347,114.8807,113.6994,113.9571,92877,10615457.42
2025-01-04 03:40:00,113.9571,113.9959,113.8561,113.8942,110758,12618177.17
2025-01-04 03:45:00,113.8942,114.1388,113.3177,113.5131,104961,11934451.41
2025-01-04 03:50:00,113.5131,113.5744,112.719,112.7874,112480,12727140.92
2025-01-04 03:55:00,112.7874,113.0132,112.5487,112.7828,107467,12120676.76
2025-01-04 04:00:00,112.7828,112.8891,111.9105,111.9943,102347,11502630.69
2025-01-04 04:05:00,111.9943,112.1123,111.0923,111.2253,98011,10938987.73
2025-01-04 04:10:00,111.2253,111.5949,110.3183,110.5783,123419,13687391.04
2025-01-04 04:15:00,110.5783,111.0031,109.6274,110.0245,126430,13945406.14
2025-01-04 04:20:00,110.0245,110.3273,109.561,109.8035,112859,12404782.55
2025-01-04 04:25:00,109.8035,110.0131,109.1709,109.3728,94770,10385669.54
2025-01-04 04:30:00,109.3728,109.6158,108.766,108.9976,99794,10896028.71
2025-01-04 04:35:00,108.9976,109.2791,108.4697,108.7843,103131,11230031.91
2025-01-04 04:40:00,108.7843,108.9868,108.6408,108.8285,98856,10756165.49
2025-01-04 04:45:00,108.8285,109.0604,108.2762,108.5462,110705,12032235.41
2025-01-04 04:50:00,108.5462,108.7039,107.9553,108.0772,101331,10975333.22
2025-01-04 04:55:00,108.0772,108.3932,107.8316,108.1539,96802,10465802.03
2025-01-04 05:00:00,108.1539,108.2951,107.7299,107.8863,118980,12852234.2
2025-01-04 05:05:00,107.8863,108.0347,107.4672,107.6297,107088,11539589.53
2025-01-04 05:10:00,107.6297,108.0048,107.3476,107.7057,116906,12587003.04
2025-01-04 05:15:00,107.7057,107.8831,107.2413,107.3681,105105,11302667.09
2025-01-04 05:20:00,107.3681,107.6853,107.322,107.6407,108754,11691531.54
2025-01-04 05:25:00,107.6407,107.8645,106.9632,107.198,102834,11046358.97
2025-01-04 05:30:00,107.198,107.6278,107.0224,107.4293,98807,10603339.64
2025-01-04 05:35:00,107.4293,107.5584,106.8907,107.0121,102104,10947661.41
2025-01-04 05:40:00,107.0121,107.4805,106.8733,107.2835,102278,10958859.72
2025-01-04 05:45:00,107.2835,107.4904,106.9107,107.1394,109478,11737293.82
2025-01-04 05:50:00,107.1394,107.2116,106.7152,106.7983,113221,12111117.65
2025-01-04 05:55:00,106.7983,107.0202,106.5852,106.799,115112,12293806.34
2025-01-04 06:00:00,106.799,106.9563,106.6749,106.8181,104289,11138959.39
2025-01-04 06:05:00,106.8181,106.9863,106.8047,106.9698,100144,10704786.96
2025-01-04 06:10:00,106.9698,107.0293,106.6159,106.6769,120881,12912911.8
2025-01-04 06:15:00,106.6769,106.9296,105.9883,106.2341,116496,12401636.67
2025-01-04 06:20:00,106.2341,106.4288,106.0769,106.23,102313,10868915.25
2025-01-04 06:25:00,106.23,106.4418,105.9565,106.1955,100839,10710387.08
2025-01-04 06:30:00,106.1955,106.7127,106.0206,106.4696,116816,12421342.53
2025-01-04 06:35:00,106.4696,107.2902,106.2844,107.0328,106093,11325552.42
2025-01-04 06:40:00,107.0328,107.9021,106.7229,107.631,110840,11896668.64
2025-01-04 06:45:00,107.631,107.8838,107.2982,107.5966,109845,11820836.79
2025-01-04 06:50:00,107.5966,107.7248,107.0351,107.17,110574,11873798.82
2025-01-04 06:55:00,107.17,107.4745,106.922,107.2523,119380,12798867.71
2025-01-04 07:00:00,107.2523,107.5479,106.5247,106.7796,114080,12208378.55
2025-01-04 07:05:00,106.7796,107.0914,106.3445,106.6405,113066,12065276.48
2025-01-04 07:10:00,106.6405,106.9585,106.4678,106.7703,118650,12660597.07
2025-01-04 07:15:00,106.7703,106.9847,106.3854,106.5776,92249,9840566.04
2025-01-04 07:20:00,106.5776,106.8077,106.4322,106.6338,125109,13337332.48
2025-01-04 07:25:00,106.6338,106.752,106.5584,106.6697,131691,14045075.5
2025-01-04 07:30:00,106.6697,106.7624,106.4716,106.5404,103155,10996842.63
2025-01-04 07:35:00,106.5404,106.7251,106.1,106.2431,111505,11863212.94
2025-01-04 07:40:00,106.2431,106.332,106.118,106.213,113524,12059437.15
2025-01-04 07:45:00,106.213,106.6738,105.9887,106.4184,115637,12294029.86
2025-01-04 07:50:00,106.4184,106.712,106.2351,106.4809,104633,11138147.12
2025-01-04 07:55:00,106.4809,106.8662,106.3255,106.6886,116730,12441641.46
2025-01-04 08:00:00,106.6886,107.367,106.4751,107.1184,110069,11766759.86
2025-01-04 08:05:00,107.1184,107.5511,106.9242,107.3819,118217,12678787.55
2025-01-04 08:10:00,107.3819,108.2518,107.3063,108.1746,120095,12943628.2
2025-01-04 08:15:00,108.1746,108.7808,107.9513,108.5441,121721,13189606.46
2025-01-04 08:20:00,108.5441,109.1861,108.3376,108.9584,112348,12217986.2
2025-01-04 08:25:00,108.9584,109.2863,108.7605,109.0906,122737,13381341.33
2025-01-04 08:30:00,109.0906,109.2589,108.9208,109.0476,108598,11844684.88
2025-01-04 08:35:00,109.0476,110.0221,108.8891,109.8772,126887,13889355.98
2025-01-04 08:40:00,109.8772,110.1363,109.5906,109.8776,131458,14444264.39
2025-01-04 08:45:00,109.8776,110.1198,109.0891,109.372,121960,13369841.85
2025-01-04 08:50:00,109.372,109.8537,109.0644,109.593,123291,13498204.59
2025-01-04 08:55:00,109.593,109.8541,109.4279,109.6869,106090,11631699.91
2025-01-04 09:00:00,109.6869,110.1203,109.3855,109.848,112423,12340384.16
2025-01-04 09:05:00,109.848,110.1953,109.7479,110.0922,111121,12219983.03
2025-01-04 09:10:00,110.0922,110.2017,109.9541,110.083,102041,11233445.65
2025-01-04 09:15:00,110.083,110.4931,109.9376,110.3539,118500,13060883.11
2025-01-04 09:20:00,110.3539,110.8169,110.2872,110.743,102845,11369352.43
2025-01-04 09:25:00,110.743,111.1107,110.5261,110.9054,128672,14259967.67
2025-01-04 09:30:00,110.9054,111.2678,110.702,111.0974,106350,11804997.1
2025-01-04 09:35:00,111.0974,111.3279,111.0711,111.3027,114418,12723285.46
2025-01-04 09:40:00,111.3027,111.4657,110.795,110.938,123971,13775697.44
2025-01-04 09:45:00,110.938,111.1165,110.6757,110.8692,112087,12430851.22
2025-01-04 09:50:00,110.8692,111.0158,110.7272,110.877,139641,15482433.06
2025-01-04 09:55:00,110.877,111.4553,110.6994,111.2896,106499,11830261.0
2025-01-04 10:00:00,111.2896,111.9651,111.1608,111.7816,113897,12703571.4
2025-01-04 10:05:00,111.7816,112.4246,111.6841,112.3254,112904,12651287.85
2025-01-04 10:10:00,112.3254,112.5537,111.9532,112.201,105103,11799196.45
2025-01-04 10:15:00,112.201,112.3931,112.0315,112.176,115560,12964504.62
2025-01-04 10:20:00,112.176,112.479,111.4245,111.6531,118317,13241394.17
2025-01-04 10:25:00,111.6531,111.9274,111.5179,111.759,122639,13699515.3
2025-01-04 10:30:00,111.759,111.9697,111.3801,111.5734,110633,12353965.46
2025-01-04 10:35:00,111.5734,111.73,111.3632,111.4818,128574,14339548.49
2025-01-04 10:40:00,111.4818,112.0203,111.3685,111.9108,125979,14071383.73
2025-01-04 10:45:00,111.9108,113.054,111.7522,112.849,118029,13264083.72
2025-01-04 10:50:00,112.849,112.9789,112.1671,112.2726,107434,12092855.48
2025-01-04 10:55:00,112.2726,112.6971,112.1661,112.5478,104511,11748099.04
2025-01-04 11:00:00,112.5478,112.7194,112.3801,112.5512,100851,11350726.26
2025-01-04 11:05:00,112.5512,113.2663,112.2876,113.0266,125778,14186362.74
2025-01-04 11:10:00,113.0266,113.5375,112.7796,113.3195,114096,12912591.49
2025-01-04 11:15:00,113.3195,113.8797,113.1562,113.7349,112547,12777145.37
2025-01-04 11:20:00,113.7349,113.92,113.2564,113.4407,101214,11496676.07
2025-01-04 11:25:00,113.4407,113.5563,113.2027,113.3192,124247,14087119.39
2025-01-04 11:30:00,113.3192,113.7503,113.2431,113.6604,106855,12126952.1
2025-01-04 11:35:00,113.6604,113.9485,113.4633,113.7172,112720,12814999.15
2025-01-04 11:40:00,113.7172,114.3767,113.4149,114.0593,104737,11928314.37
2025-01-04 11:45:00,114.0593,114.4517,113.8892,114.2842,112498,12844094.72
2025-01-04 11:50:00,114.2842,114.3819,114.1431,114.2603,98457,11250904.37
2025-01-04 11:55:00,114.2603,114.5177,114.0291,114.2678,113945,13019820.35
2025-01-04 12:00:00,114.2678,114.9137,114.1053,114.6822,118347,13547776.09
2025-01-04 12:05:00,114.6822,115.5558,114.3987,115.2551,104739,12041701.38
2025-01-04 12:10:00,115.2551,115.3859,115.0987,115.2451,103025,11873640.47
2025-01-04 12:15:00,115.2451,115.7161,114.9563,115.3743,109293,12602543.83
2025-01-04 12:20:00,115.3743,115.7349,115.1338,115.428,91662,10577899.15
2025-01-04 12:25:00,115.428,115.8997,115.263,115.6813,94239,10889751.17
2025-01-04 12:30:00,115.6813,116.513,115.3475,116.2114,93926,10890375.72
2025-01-04 12:35:00,116.2114,117.1017,115.886,116.7657,108432,12631088.92
2025-01-04 12:40:00,116.7657,117.2272,116.5341,117.019,104370,12200055.74
2025-01-04 12:45:00,117.019,117.3192,116.5792,116.8413,103840,12142024.76
2025-01-04 12:50:00,116.8413,117.2083,116.6857,117.078,104517,12224271.39
2025-01-04 12:55:00,117.078,117.3294,116.7099,116.9297,91902,10752888.17
2025-01-04 13:00:00,116.9297,117.0278,116.8252,116.902,106517,12453525.79
2025-01-04 13:05:00,116.902,117.3728,116.7111,117.1543,105189,12310074.13
2025-01-04 13:10:00,117.1543,117.4652,116.8846,117.1526,99598,11668246.83
2025-01-04 13:15:00,117.1526,117.3458,116.736,116.9661,118952,13924442.29
2025-01-04 13:20:00,116.9661,117.15,116.7565,116.9725,105316,12318738.14
2025-01-04 13:25:00,116.9725,117.3473,116.0378,116.3223,99533,11610266.57
2025-01-04 13:30:00,116.3223,116.7117,116.1499,116.548,107152,12476260.75
2025-01-04 13:35:00,116.548,116.7155,115.9537,116.1187,90156,10488149.87
2025-01-04 13:40:00,116.1187,116.4253,115.8479,116.1327,86664,10063919.51
2025-01-04 13:45:00,116.1327,116.4234,115.441,115.6839,104576,12121229.17
2025-01-04 13:50:00,115.6839,116.1947,115.4748,116.0163,97847,11335584.55
2025-01-04 13:55:00,116.0163,116.308,115.7725,116.0791,83240,9659808.95
2025-01-04 14:00:00,116.0791,116.319,115.4443,115.6545,107502,12455910.43
2025-01-04 14:05:00,115.6545,116.0712,115.4728,115.8454,106137,12285349.85
2025-01-04 14:10:00,115.8454,116.2051,115.4948,115.8072,86081,9970445.41
2025-01-04 14:15:00,115.8072,115.9416,115.5,115.6397,96658,11185598.51
2025-01-04 14:20:00,115.6397,116.0273,115.4003,115.8077,90964,10526689.24
2025-01-04 14:25:00,115.8077,116.1367,115.6234,115.8734,87434,10128400.99
2025-01-04 14:30:00,115.8734,116.2998,115.6704,116.105,103376,11990498.52
2025-01-04 14:35:00,116.105,116.7829,115.8445,116.4708,111706,12990053.94
2025-01-04 14:40:00,116.4708,116.6293,116.2069,116.3472,98140,11424376.1
2025-01-04 14:45:00,116.3472,116.5013,116.088,116.2496,97909,11386661.56
2025-01-04 14:50:00,116.2496,116.6362,115.9052,116.3086,103061,11983844.02
2025-01-04 14:55:00,116.3086,116.5695,116.0501,116.3209,97161,11301259.85
2025-01-04 15:00:00,116.3209,117.048,116.0807,116.8304,101364,11816575.35
2025-01-04 15:05:00,116.8304,117.0618,116.605,116.8113,94087,10991324.54
2025-01-04 15:10:00,116.8113,116.9839,116.6502,116.798,94706,11062101.16
2025-01-04 15:15:00,116.798,117.0283,116.5045,116.6809,75817,8850834.38
2025-01-04 15:20:00,116.6809,117.0731,116.4801,116.8648,103322,12065205.17
2025-01-04 15:25:00,116.8648,116.9804,116.775,116.8918,95191,11125763.69
2025-01-04 15:30:00,116.8918,117.3682,116.6007,117.0888,91938,10755853.66
2025-01-04 15:35:00,117.0888,117.4101,116.6624,116.9818,97977,11466765.76
2025-01-04 15:40:00,116.9818,117.3325,116.055,116.354,93340,10889783.11
2025-01-04 15:45:00,116.354,116.8555,116.0553,116.5563,94102,10958664.17
2025-01-04 15:50:00,116.5563,116.6774,115.9883,116.1144,95566,11117705.54
2025-01-04 15:55:00,116.1144,116.2921,115.5569,115.726,97886,11346966.09
2025-01-04 16:00:00,115.726,115.8665,115.6215,115.7237,105158,12169392.76
2025-01-04 16:05:00,115.7237,115.8924,115.0839,115.2435,87005,10047649.31
2025-01-04 16:10:00,115.2435,115.3959,114.7372,114.9179,107422,12362199.58
2025-01-04 16:15:00,114.9179,115.2327,114.5508,114.8604,99351,11414352.83
2025-01-04 16:20:00,114.8604,115.1584,114.2214,114.5427,100646,11544253.96
2025-01-04 16:25:00,114.5427,114.7787,114.1988,114.3947,85860,9828281.74
2025-01-04 16:30:00,114.3947,114.7264,114.1616,114.5133,72532,8301575.3
2025-01-04 16:35:00,114.5133,114.6364,114.3763,114.5056,84814,9712004.75
2025-01-04 16:40:00,114.5056,115.1205,114.2482,114.8644,83240,9546380.86
2025-01-04 16:45:00,114.8644,115.3062,114.6958,115.1531,83846,9643025.5
2025-01-04 16:50:00,115.1531,115.3422,114.6672,114.859,90880,10451752.64
2025-01-04 16:55:00,114.859,115.1797,114.1208,114.4612,89337,10243389.61
2025-01-04 17:00:00,114.4612,114.732,114.325,114.5486,74376,8516415.29
2025-01-04 17:05:00,114.5486,114.8703,114.3851,114.7173,78290,8974614.17
2025-01-04 17:10:00,114.7173,114.9051,114.5423,114.739,81316,9329235.41
2025-01-04 17:15:00,114.739,115.039,114.2635,114.5906,79504,9116310.27
2025-01-04 17:20:00,114.5906,114.7525,114.4695,114.5939,83841,9607528.72
2025-01-04 17:25:00,114.5939,114.9044,114.1662,114.3877,72113,8256275.73
2025-01-04 17:30:00,114.3877,114.6707,114.2807,114.5243,79256,9071327.0
2025-01-04 17:35:00,114.5243,114.8087,113.9177,114.1672,86439,9883933.24
2025-01-04 17:40:00,114.1672,114.3729,113.6284,113.8097,81494,9289371.63
2025-01-04 17:45:00,113.8097,114.1096,113.7358,114.0187,74990,8542424.6
2025-01-04 17:50:00,114.0187,114.2226,113.7581,113.9888,81623,9305327.58
2025-01-04 17:55:00,113.9888,114.5921,113.789,114.42,84557,9656780.61
2025-01-04 18:00:00,114.42,114.8776,114.2735,114.7506,80413,9214147.55
2025-01-04 18:05:00,114.7506,114.9208,114.3183,114.4983,89228,10227710.79
2025-01-04 18:10:00,114.4983,114.807,114.2873,114.5688,61300,7020906.94
2025-01-04 18:15:00,114.5688,114.9221,114.2492,114.6534,95257,10917511.32
2025-01-04 18:20:00,114.6534,115.0674,114.469,114.8693,76966,8832724.28
2025-01-04 18:25:00,114.8693,115.7434,114.7573,115.5833,90473,10424869.82
2025-01-04 18:30:00,115.5833,116.1312,115.3215,115.8232,73079,8455479.53
2025-01-04 18:35:00,115.8232,115.9524,115.5501,115.6903,74494,8623184.66
2025-01-04 18:40:00,115.6903,116.4233,115.2884,116.0501,80180,9290471.81
2025-01-04 18:45:00,116.0501,116.3789,115.9113,116.2197,83608,9709806.33
2025-01-04 18:50:00,116.2197,116.7837,116.1394,116.7152,93226,10857793.13
2025-01-04 18:55:00,116.7152,117.1541,116.4995,116.8669,68236,7969353.64
2025-01-04 19:00:00,116.8669,117.066,116.5961,116.7844,108504,12676049.05
2025-01-04 19:05:00,116.7844,117.5576,116.5504,117.3551,76137,8913336.07
2025-01-04 19:10:00,117.3551,117.9946,117.196,117.8425,63033,7412605.25
2025-01-04 19:15:00,117.8425,118.9079,117.6555,118.6622,82070,9704972.61
2025-01-04 19:20:00,118.6622,119.0885,118.4812,118.9042,58729,6976018.47
2025-01-04 19:25:00,118.9042,119.66,118.7161,119.4396,87058,10374866.89
2025-01-04 19:30:00,119.4396,119.8972,119.3417,119.8052,77158,9229824.75
2025-01-04 19:35:00,119.8052,120.5262,119.5153,120.2592,82931,9954388.52
2025-01-04 19:40:00,120.2592,120.5015,120.1093,120.3098,71278,8573637.18
2025-01-04 19:45:00,120.3098,120.6141,120.3063,120.6097,75137,9050984.02
2025-01-04 19:50:00,120.6097,121.0294,120.3977,120.7502,87951,10613920.18
2025-01-04 19:55:00,120.7502,121.7031,120.5502,121.4239,68208,8259104.53
2025-01-04 20:00:00,121.4239,121.9863,121.3094,121.8323,80752,9821711.12
2025-01-04 20:05:00,121.8323,122.5053,121.7563,122.4133,79640,9725859.23
2025-01-04 20:10:00,122.4133,122.9893,122.2157,122.7696,66645,8170108.77
2025-01-04 20:15:00,122.7696,123.4392,122.526,123.2174,91089,11203353.76
2025-01-04 20:20:00,123.2174,123.7719,122.9585,123.5392,85961,10605721.7
2025-01-04 20:25:00,123.5392,124.0757,123.2757,123.8154,73623,9105496.24
2025-01-04 20:30:00,123.8154,123.9711,123.7055,123.8386,82299,10190837.73
2025-01-04 20:35:00,123.8386,124.4793,123.4746,124.0837,89415,11083982.08
2025-01-04 20:40:00,124.0837,125.2867,123.6826,124.9245,80658,10042249.08
2025-01-04 20:45:00,124.9245,125.5188,124.7533,125.3448,83495,10448116.94
2025-01-04 20:50:00,125.3448,125.9838,125.2401,125.8368,80131,10063718.26
2025-01-04 20:55:00,125.8368,126.2255,125.6361,125.9862,88271,11114337.45
2025-01-04 21:00:00,125.9862,126.623,125.7731,126.4112,83057,10481687.37
2025-01-04 21:05:00,126.4112,127.2038,126.3146,127.0708,89085,11290724.18
2025-01-04 21:10:00,127.0708,127.6846,126.8499,127.4076,91594,11654349.38
2025-01-04 21:15:00,127.4076,127.6195,127.2759,127.4994,71766,9146827.89
2025-01-04 21:20:00,127.4994,128.7297,127.3067,128.5089,73944,9465137.09
2025-01-04 21:25:00,128.5089,129.1148,128.2209,128.7921,78643,10117458.84
